Context;Question;Answer;Answer Start
Clinics SFT es el software que permite llevar a cabo la gestión integral de su clínica, ya que integra en un único programa todos los apartados de la gestión clínica (historias médicas, agendas, gestoría, facturación, imágenes, etc.). Clinics se divide en ocho menús distintos.;¿Cuáles son los pilares de Clinics SFT?;Hay tres pilares básicos del proyecto Clinics que hacen que se diferencie de su competencia, son: Seguridad, Proximidad y Sencillez.;0
Clinics SFT es el software que permite llevar a cabo la gestión integral de su clínica, ya que integra en un único programa todos los apartados de la gestión clínica (historias médicas, agendas, gestoría, facturación, imágenes, etc.). Clinics se divide en ocho menús distintos.;¿En qué se diferencia Clinics SFT de su competencia?;Hay tres pilares básicos del proyecto Clinics que hacen que se diferencie de su competencia, son: Seguridad, Proximidad y Sencillez.;0
Clinics SFT es el software que permite llevar a cabo la gestión integral de su clínica, ya que integra en un único programa todos los apartados de la gestión clínica (historias médicas, agendas, gestoría, facturación, imágenes, etc.). Clinics se divide en ocho menús distintos.;Características principales de Clinics SFT;Hay tres pilares básicos del proyecto Clinics que hacen que se diferencie de su competencia, son: Seguridad, Proximidad y Sencillez.;0
Clinics SFT es el software que permite llevar a cabo la gestión integral de su clínica, ya que integra en un único programa todos los apartados de la gestión clínica (historias médicas, agendas, gestoría, facturación, imágenes, etc.). Clinics se divide en ocho menús distintos.;¿Cuáles son los menús de Clinics SFT?;Al abrir el software, vemos que en la parte superior hay un menú de 8 botones en este orden: PARA HOY, consulta, agenda, nuevo paciente, historias, gestoría, listados, configuración.;0
Clinics SFT es el software que permite llevar a cabo la gestión integral de su clínica, ya que integra en un único programa todos los apartados de la gestión clínica (historias médicas, agendas, gestoría, facturación, imágenes, etc.). Clinics se divide en ocho menús distintos.;Descripción de los menús de Clinics SFT;Al abrir el software, vemos que en la parte superior hay un menú de 8 botones en este orden: PARA HOY, consulta, agenda, nuevo paciente, historias, gestoría, listados, configuración.;0
Clinics SFT es el software que permite llevar a cabo la gestión integral de su clínica, ya que integra en un único programa todos los apartados de la gestión clínica (historias médicas, agendas, gestoría, facturación, imágenes, etc.). Clinics se divide en ocho menús distintos.;Opciones del menú de Clinics SFT;Al abrir el software, vemos que en la parte superior hay un menú de 8 botones en este orden: PARA HOY, consulta, agenda, nuevo paciente, historias, gestoría, listados, configuración.;0
Clinics SFT es el software que permite llevar a cabo la gestión integral de su clínica, ya que integra en un único programa todos los apartados de la gestión clínica (historias médicas, agendas, gestoría, facturación, imágenes, etc.). Clinics se divide en ocho menús distintos.;¿Qué es el menú Para hoy?;El menú 'Para hoy' muestra el cuadro resumen para conocer el estado diario de la clínica: médicos disponibles y visitas planificadas para el día seleccionado. Es la herramienta ideal para utilizar en la recepción de la clínica y saber a primera vista la carga de trabajo diaria.;0
Clinics SFT es el software que permite llevar a cabo la gestión integral de su clínica, ya que integra en un único programa todos los apartados de la gestión clínica (historias médicas, agendas, gestoría, facturación, imágenes, etc.). Clinics se divide en ocho menús distintos.;Descripción del menú Para hoy;El menú 'Para hoy' muestra el cuadro resumen para conocer el estado diario de la clínica: médicos disponibles y visitas planificadas para el día seleccionado. Es la herramienta ideal para utilizar en la recepción de la clínica y saber a primera vista la carga de trabajo diaria.;0
Clinics SFT es el software que permite llevar a cabo la gestión integral de su clínica, ya que integra en un único programa todos los apartados de la gestión clínica (historias médicas, agendas, gestoría, facturación, imágenes, etc.). Clinics se divide en ocho menús distintos.;Función del menú Para hoy;El menú 'Para hoy' muestra el cuadro resumen para conocer el estado diario de la clínica: médicos disponibles y visitas planificadas para el día seleccionado. Es la herramienta ideal para utilizar en la recepción de la clínica y saber a primera vista la carga de trabajo diaria.;0
Clinics SFT es el software que permite llevar a cabo la gestión integral de su clínica, ya que integra en un único programa todos los apartados de la gestión clínica (historias médicas, agendas, gestoría, facturación, imágenes, etc.). Clinics se divide en ocho menús distintos.;¿Qué es el menú consulta?;El menú 'Consulta' se trata del cuadro resumen específico para cada doctor. Desde dentro de la consulta, cada doctor puede ver el estado de sus visitas: las pendientes, las que están en la sala de espera y las realizadas, de modo que en todo momento podemos ver el estado real de las visitas para el día seleccionado.;0
Clinics SFT es el software que permite llevar a cabo la gestión integral de su clínica, ya que integra en un único programa todos los apartados de la gestión clínica (historias médicas, agendas, gestoría, facturación, imágenes, etc.). Clinics se divide en ocho menús distintos.;Descripción del menú consulta;El menú 'Consulta' se trata del cuadro resumen específico para cada doctor. Desde dentro de la consulta, cada doctor puede ver el estado de sus visitas: las pendientes, las que están en la sala de espera y las realizadas, de modo que en todo momento podemos ver el estado real de las visitas para el día seleccionado.;0
Clinics SFT es el software que permite llevar a cabo la gestión integral de su clínica, ya que integra en un único programa todos los apartados de la gestión clínica (historias médicas, agendas, gestoría, facturación, imágenes, etc.). Clinics se divide en ocho menús distintos.;Función del menú consulta;El menú 'Consulta' se trata del cuadro resumen específico para cada doctor. Desde dentro de la consulta, cada doctor puede ver el estado de sus visitas: las pendientes, las que están en la sala de espera y las realizadas, de modo que en todo momento podemos ver el estado real de las visitas para el día seleccionado.;0
Clinics SFT es el software que permite llevar a cabo la gestión integral de su clínica, ya que integra en un único programa todos los apartados de la gestión clínica (historias médicas, agendas, gestoría, facturación, imágenes, etc.). Clinics se divide en ocho menús distintos.;¿Qué es el menú agenda?;La agenda de la clínica permite gestionar y planificar las visitas de los pacientes. Dispone de herramientas tan diversas como: vista diaria, vista semanal, grupos de agendas, buscador de visitas, envío de SMS, bloqueo de agendas, etc. También nos permite personalizar los tramos horarios, bloqueos o franjas horarias de cada agenda.;0
Clinics SFT es el software que permite llevar a cabo la gestión integral de su clínica, ya que integra en un único programa todos los apartados de la gestión clínica (historias médicas, agendas, gestoría, facturación, imágenes, etc.). Clinics se divide en ocho menús distintos.;Descripción del menú agenda;La agenda de la clínica permite gestionar y planificar las visitas de los pacientes. Dispone de herramientas tan diversas como: vista diaria, vista semanal, grupos de agendas, buscador de visitas, envío de SMS, bloqueo de agendas, etc. También nos permite personalizar los tramos horarios, bloqueos o franjas horarias de cada agenda.;0
Clinics SFT es el software que permite llevar a cabo la gestión integral de su clínica, ya que integra en un único programa todos los apartados de la gestión clínica (historias médicas, agendas, gestoría, facturación, imágenes, etc.). Clinics se divide en ocho menús distintos.;Función del menú agenda;La agenda de la clínica permite gestionar y planificar las visitas de los pacientes. Dispone de herramientas tan diversas como: vista diaria, vista semanal, grupos de agendas, buscador de visitas, envío de SMS, bloqueo de agendas, etc. También nos permite personalizar los tramos horarios, bloqueos o franjas horarias de cada agenda.;0
Clinics SFT es el software que permite llevar a cabo la gestión integral de su clínica, ya que integra en un único programa todos los apartados de la gestión clínica (historias médicas, agendas, gestoría, facturación, imágenes, etc.). Clinics se divide en ocho menús distintos.;¿Qué es el menú nuevo paciente?;El menú 'Nuevo paciente' permite añadir un nuevo paciente de forma rápida y ágil. Al dar de alta un nuevo paciente, solo hace falta introducir los datos básicos: nombre y apellidos, fecha de nacimiento, mutua y referidor si oportuno, etc. Al dar de alta un nuevo paciente, se controla que no exista previamente en la base de datos.;0
Clinics SFT es el software que permite llevar a cabo la gestión integral de su clínica, ya que integra en un único programa todos los apartados de la gestión clínica (historias médicas, agendas, gestoría, facturación, imágenes, etc.). Clinics se divide en ocho menús distintos.;Descripción del menú nuevo paciente;El menú 'Nuevo paciente' permite añadir un nuevo paciente de forma rápida y ágil. Al dar de alta un nuevo paciente, solo hace falta introducir los datos básicos: nombre y apellidos, fecha de nacimiento, mutua y referidor si oportuno, etc. Al dar de alta un nuevo paciente, se controla que no exista previamente en la base de datos.;0
Clinics SFT es el software que permite llevar a cabo la gestión integral de su clínica, ya que integra en un único programa todos los apartados de la gestión clínica (historias médicas, agendas, gestoría, facturación, imágenes, etc.). Clinics se divide en ocho menús distintos.;Función del menú nuevo paciente;El menú 'Nuevo paciente' permite añadir un nuevo paciente de forma rápida y ágil. Al dar de alta un nuevo paciente, solo hace falta introducir los datos básicos: nombre y apellidos, fecha de nacimiento, mutua y referidor si oportuno, etc. Al dar de alta un nuevo paciente, se controla que no exista previamente en la base de datos.;0
Clinics SFT es el software que permite llevar a cabo la gestión integral de su clínica, ya que integra en un único programa todos los apartados de la gestión clínica (historias médicas, agendas, gestoría, facturación, imágenes, etc.). Clinics se divide en ocho menús distintos.;¿Qué es el menú historias?;El menú 'Historias' se trata del apartado correspondiente al historial médico de cada paciente. Podemos seleccionar al paciente por número de historia o por apellidos, facilitando así el trabajo de la búsqueda de pacientes. La historia incluye todos los apartados relativos a la historia médica del paciente, tales como: entradas médicas, datos de filiación, presupuestos, editor de cartas, facturación, imágenes, planning, etc.;0
Clinics SFT es el software que permite llevar a cabo la gestión integral de su clínica, ya que integra en un único programa todos los apartados de la gestión clínica (historias médicas, agendas, gestoría, facturación, imágenes, etc.). Clinics se divide en ocho menús distintos.;Descripción del menú historias;El menú 'Historias' se trata del apartado correspondiente al historial médico de cada paciente. Podemos seleccionar al paciente por número de historia o por apellidos, facilitando así el trabajo de la búsqueda de pacientes. La historia incluye todos los apartados relativos a la historia médica del paciente, tales como: entradas médicas, datos de filiación, presupuestos, editor de cartas, facturación, imágenes, planning, etc.;0
Clinics SFT es el software que permite llevar a cabo la gestión integral de su clínica, ya que integra en un único programa todos los apartados de la gestión clínica (historias médicas, agendas, gestoría, facturación, imágenes, etc.). Clinics se divide en ocho menús distintos.;Función del menú historias;El menú 'Historias' se trata del apartado correspondiente al historial médico de cada paciente. Podemos seleccionar al paciente por número de historia o por apellidos, facilitando así el trabajo de la búsqueda de pacientes. La historia incluye todos los apartados relativos a la historia médica del paciente, tales como: entradas médicas, datos de filiación, presupuestos, editor de cartas, facturación, imágenes, planning, etc.;0
Clinics SFT es el software que permite llevar a cabo la gestión integral de su clínica, ya que integra en un único programa todos los apartados de la gestión clínica (historias médicas, agendas, gestoría, facturación, imágenes, etc.). Clinics se divide en ocho menús distintos.;¿Qué es el menú gestoría?;El menú 'Gestoría' permite llevar a cabo cómodamente todo el trabajo propio de una gestoría. Tanto si tenemos un gestor externo en la clínica como si nosotros mismos desarrollamos las gestiones de contabilidad y facturación, ahora todos estos procesos serán mucho más fáciles y automatizados.;0
Clinics SFT es el software que permite llevar a cabo la gestión integral de su clínica, ya que integra en un único programa todos los apartados de la gestión clínica (historias médicas, agendas, gestoría, facturación, imágenes, etc.). Clinics se divide en ocho menús distintos.;Descripción del menú gestoría;El menú 'Gestoría' permite llevar a cabo cómodamente todo el trabajo propio de una gestoría. Tanto si tenemos un gestor externo en la clínica como si nosotros mismos desarrollamos las gestiones de contabilidad y facturación, ahora todos estos procesos serán mucho más fáciles y automatizados.;0
Clinics SFT es el software que permite llevar a cabo la gestión integral de su clínica, ya que integra en un único programa todos los apartados de la gestión clínica (historias médicas, agendas, gestoría, facturación, imágenes, etc.). Clinics se divide en ocho menús distintos.;Función del menú gestoría;El menú 'Gestoría' permite llevar a cabo cómodamente todo el trabajo propio de una gestoría. Tanto si tenemos un gestor externo en la clínica como si nosotros mismos desarrollamos las gestiones de contabilidad y facturación, ahora todos estos procesos serán mucho más fáciles y automatizados.;0
Clinics SFT es el software que permite llevar a cabo la gestión integral de su clínica, ya que integra en un único programa todos los apartados de la gestión clínica (historias médicas, agendas, gestoría, facturación, imágenes, etc.). Clinics se divide en ocho menús distintos.;¿Qué es el menú listados?;El menú 'Listados' permite extraer todo tipo de información relativa a la clínica: listados de pacientes, historias, impagados, agendas del día y listados de próximas visitas, entre otros. Esta herramienta facilita el trabajo administrativo de la clínica, ya que permite automatizar procesos como el envío de cartas, el envío de SMS o los regates pendientes.;0
Clinics SFT es el software que permite llevar a cabo la gestión integral de su clínica, ya que integra en un único programa todos los apartados de la gestión clínica (historias médicas, agendas, gestoría, facturación, imágenes, etc.). Clinics se divide en ocho menús distintos.;Descripción del menú listados;El menú 'Listados' permite extraer todo tipo de información relativa a la clínica: listados de pacientes, historias, impagados, agendas del día y listados de próximas visitas, entre otros. Esta herramienta facilita el trabajo administrativo de la clínica, ya que permite automatizar procesos como el envío de cartas, el envío de SMS o los regates pendientes.;0
Clinics SFT es el software que permite llevar a cabo la gestión integral de su clínica, ya que integra en un único programa todos los apartados de la gestión clínica (historias médicas, agendas, gestoría, facturación, imágenes, etc.). Clinics se divide en ocho menús distintos.;Función del menú listados;El menú 'Listados' permite extraer todo tipo de información relativa a la clínica: listados de pacientes, historias, impagados, agendas del día y listados de próximas visitas, entre otros. Esta herramienta facilita el trabajo administrativo de la clínica, ya que permite automatizar procesos como el envío de cartas, el envío de SMS o los regates pendientes.;0
Clinics SFT es el software que permite llevar a cabo la gestión integral de su clínica, ya que integra en un único programa todos los apartados de la gestión clínica (historias médicas, agendas, gestoría, facturación, imágenes, etc.). Clinics se divide en ocho menús distintos.;¿Qué es el menú configuración?;El menú 'Configuración' centraliza toda la configuración de Clinics SFT. Todos y cada uno de los menús del programa son configurables desde ese menú. También desde este apartado podremos modificar sin necesidad de esperar en el servicio técnico los precios de los tratamientos, los horarios de las agendas, los datos de los proveedores, etc. Clinics SFT dispone de dos versiones de configuración. Una sencilla para realizar los cambios más rutinarios: dar de alta a un nuevo trabajador, gestionar los tratamientos de la clínica, modificar agendas, etc. La versión avanzada del panel de control permite configurar opciones más precisas del programa. Sin embargo, no es necesario que se preocupe porque siempre dispone del equipo de ayuda de Clinics SFT para asesorarle en cualquier momento.;0
Clinics SFT es el software que permite llevar a cabo la gestión integral de su clínica, ya que integra en un único programa todos los apartados de la gestión clínica (historias médicas, agendas, gestoría, facturación, imágenes, etc.). Clinics se divide en ocho menús distintos.;Descripción del menú configuración;El menú 'Configuración' centraliza toda la configuración de Clinics SFT. Todos y cada uno de los menús del programa son configurables desde ese menú. También desde este apartado podremos modificar sin necesidad de esperar en el servicio técnico los precios de los tratamientos, los horarios de las agendas, los datos de los proveedores, etc. Clinics SFT dispone de dos versiones de configuración. Una sencilla para realizar los cambios más rutinarios: dar de alta a un nuevo trabajador, gestionar los tratamientos de la clínica, modificar agendas, etc. La versión avanzada del panel de control permite configurar opciones más precisas del programa. Sin embargo, no es necesario que se preocupe porque siempre dispone del equipo de ayuda de Clinics SFT para asesorarle en cualquier momento.;0
;en la agenda me salen todas las agendas juntas;en la parte superior derecha del menú agenda, hay un botón que por defecto pone: TODAS LAS AGENDAS, en este boton puedes seleccionar que agenda quieres mostrar en pantalla;
